_a,_all_,_am_,_and,_can_,_concierge_,_confrere_,_curious,_denouement_,_eastern,_harold_,_he,_hein,_hein_,_humanum,_i_,_keinplatz,_left_,_lightning_,_magnum,_marian_,_matinee_,_mauvais,_medicalschrift_,_mon,_our_,_outre_,_ouvriers_,_pas,_post,_prove_,_rienzi_,_rose,_ruse_,_salon_,_should_,_sporting,_the,_times_,_two_,_us_,_x_,aback,abandoned,abaris,abashed,abdomen,abercrombie,ability,able,abnormal,aboard,abode,abolished,abortive,about,above,abreast,abroad,abrupt,abruptly,absence,absent,absolute,absolutely,absorption,abstemious,abstruse,absurd,abyss,academical,academy,accent,accept,acceptable,acceptance,accident,accidental,accommodating,accommodation,accompanied,accompanies,accomplish,accomplished,according,account,accountable,accounted,accounts,accumulation,accuracy,accurate,accursed,accusation,accustomed,acknowledgment,acquaintance,acquaintances,acquiescence,acquit,acquitted,acres,across,act,acted,action,actions,active,actors,actress,actual,actually,acute,add,added,adding,additional,address,addressed,addressing,adequate,adhered,adieu,adjusted,admirable,admiral,admiration,admirers,admit,adopt,adopted,adorned,advance,advanced,advancement,advances,advancing,advantage,adventure,adventures,advice,advisability,advise,adviser,advocate,affair,affairs,affectation,affection,affluent,afghan,afghanistan,aflame,afoot,afraid,african,after,afternoon,afterwards,again,against,age,aged,agent,agents,aggravatin,aghast,agitated,agitation,agnes,ago,agonies,agony,agree,agreeable,agreed,agreement,ah,ahead,aid,aided,ailment,aim,ain,air,ajar,akin,alane,alarm,alarmed,alarming,alas,albany,albeit,alcohol,ale,alehouse,alert,alexis,alfred,algebraic,alight,alike,alive,all,allegorical,allen,allow,allowance,allowed,allowing,alluded,allusion,almighty,almond,almost,aloft,alone,along,alphabet,alpuxerra,already,also,alter,altered,althaus,although,altogether,always,am,amazed,amazement,ambition,ambulance,ambuscade,ambush,amenable,amends,america,amid,amidst,amigos,amiss,among,amongst,amount,amphibia,amputated,amputating,amused,amusing,an,analogous,analogy,ananke,anatomical,anatomist,anatomy,ancestor,anchor,anchorstock,ancient,and,anecdote,angel,anger,anglo,angrily,angry,angular,angularity,animal,animals,animated,announce,announced,announcing,annoyance,annoyed,annual,anointed,another,anpost,anselm,answer,answered,answering,anticipation,anticipations,antipathy,antique,antiseptics,antithesis,anubis,anxiety,anxious,anxiously,any,anyhow,anything,apart,apartment,apartments,ape,apertures,apologise,apologised,appalling,apparently,apparition,appeal,appealed,appealing,appear,appearance,appeared,appearing,appears,applause,apple,appleton,applicant,applicants,appointed,appointment,appreciation,appreciative,apprehension,approach,approached,approaching,approval,approve,approved,april,apt,aptitude,arab,arabic,arable,arabs,arbitrary,arcady,arch,arched,archway,ardent,ardest,are,argue,arguing,argument,arid,arise,arm,armchair,armed,arms,armstrongs,army,aromatic,arose,around,arouse,aroused,arrange,arranged,arrangements,array,arrested,arrestive,arrival,arrive,arrived,arrogance,art,arteries,article,articles,artist,arts,as,ascended,ascot,ascribe,ash,ashamed,ashes,aside,ask,asked,asking,asleep,aspect,aspen,aspirant,assemblage,assembled,assembly,assent,assert,asserted,assist,assistance,assistant,assisting,assizes,associate,associated,associations,assumed,assumption,assurance,assure,assyrian,astonished,astonishing,astonishment,astounded,astral,astray,astronomer,asunder,at,athlete,athletes,athletics,atkinson,atlantic,atma,atmosphere,atonement,atrocious,attach,attack,attacked,attain,attempt,attempts,attend,attendance,attendant,attendants,attended,attention,attentions,attics,attitude,attorney,attracted,attraction,attractions,attrition,auction,audible,audience,auditors,aught,august,auld,austere,australia,authentic,author,authorities,authority,autumn,avail,avails,avarice,avenue,average,avoid,avoided,avoiding,await,awaited,awaiting,awake,awakened,awaking,aware,away,awe,awful,awkward,awkwardly,axe,axes,ay,aye,babble,babbling,baccy,bachelor,back,backbone,background,backs,backwards,bad,badderly,bade,badge,badly,bag,balance,balanced,balancing,bald,baleful,balks,ball,balls,balsamic,band,bandage,bandages,bands,bandy,bank,banked,banks,bar,barbarism,barbarous,barbary,barber,bare,bargain,barked,barmaid,barnes,barometer,baron,barons_,barque,barred,barrel,barrows,bars,base,basis,basket,basle,bastard,bathed,battery,battling,baulked,baumgarten,bay,be,beach,beads,beak,beaked,beaming,bear,beard,bearer,bearers,bearing,bears,beast,beastly,beasts,beat,beaten,beating,beautiful,beautifully,beauty,becalmed,became,because,become,becomes,becoming,bed,bedclothes,bedouins,bedroom,beds,bedside,beef,been,beer,beetle,befall,befallen,befell,befogged,before,beg,began,beget,begets,beggar,begged,begin,beginning,begins,begun,behaved,behaviour,beheld,behind,behold,being,belief,believe,believed,bell,bellies,bellingham,bellow,bellowing,below,belt,benbow,benches,bend,bending,beneath,benedict,benefit,beni,bent,berlin,berth,besant,beset,beside,besides,besought,best,bestial,bethinking,bethought,betrayed,better,between,bewailing,bewildered,bewilderment,bey,beyond,bible,bid,big,bigger,bigot,bill,billed,billow,bills,billy,bin,bind,biological,bird,birdlike,birds,birth,birthday,bit,biting,bitter,bitterly,bitterness,bitumen,bizarre,black,blacker,blackguard,blackmail,blackness,blacks,blade,bladed,blades,blame,blandford,blank,blasting,blaze,blazed,blazer,blazers,blazing,bleating,blemish,bless,blessed,blessing,blew,blind,blistering,blitzen,bloated,blocks,bloemfontein,blondes,blood,bloodless,bloods,bloodshed,blooming,blotched,blots,blow,blowing,blown,blows,blue,bluff,blundering,blurred,board,boars,boat,boats,boatswain,bodies,bodikins,bodily,body,boer,boil,boisterously,bold,bolder,bolt,bolted,bombay,bond,bone,bones,bonfire,bonnet,bonny,bony,book,books,boomerangs,boon,boots,border,bordered,borders,bore,born,borne,borrow,bosom,botany,both,bother,bothered,bottle,bottles,bottom,bought,boulak,boulevard,bound,boundary,bounded,bounder,bounding,bounds,bovine,bow,bowed,bowl,bowmen,bows,box,boxes,boxing,boy,boyhood,boyish,boys,brace,braced,braided,brain,brake,brakes,brambles,branch,branched,branches,brandished,brandy,brass,brasses,braved,bravely,brazen,breach,bread,break,breakdown,breakfast,breaking,breast,breath,breathed,breathing,breeches,breeze,briar,brick,bride,bridging,bridle,briefly,brig,bright,brightly,brightness,brilliant,bring,bringing,brings,brisk,briskly,bristled,bristling,bristol,britain,british,britons,brittle,broad,broadcast,broadened,broadening,broil,broke,broken,brood,brooded,brooding,brother,brothers,brought,brow,brown,brows,bruised,brushing,brushwood,brusque,brusquely,brusqueness,brutal,brutality,brutally,brute,bubastic,buckler,buddicomb,budge,buffaloes,buffoons,build,building,built,bulk,bull,bullet,bullets,bully,bullying,bulwark,bulwer,bunches,bundle,burden,burdens,burglar,burglars,burglary,buried,burly,burn,burned,burney,burning,burrowed,burst,bury,burying,bus,bush,bushy,busied,business,bustle,busy,but,butler,butted,buttons,buxom,buy,by,bye,cab,cabin,cable,cabman,cabs,cackle,cad,cadaverous,cade,cadences,cadet,cairo,caitiffly,calabar,calculated,call,called,calling,calm,calmly,cambridge,came,camel,camerados,camp,can,canary,candle,candlesticks,cane,cannot,cap,capable,capacity,cape,caps,captain,captains,captivity,captors,captured,car,caraffe,caravan,card,cards,care,cared,career,careful,carefully,careless,cares,carpenter,carriage,carried,carrion,carry,carte,carter,cartridge,cartridges,cartwheel,carved,cascade,case,cases,casket,casks,cassia,cast,castanets,castaways,casting,casual,cat,cataleptic,cataract,catch,catchy,cathedrals,catholic,cattle,caught,cauld,cause,caused,causes,caution,cautions,cautious,cavity,ce,ceased,ceiling,celebrated,celebrities,cell,cellar,celtic,censorious,central,centre,centres,centuries,century,cerebral,cerebration,cerecloths,certain,certainly,certificate,certificates,cessation,ceylon,chafe,chain,chains,chair,chairlie,chairman,chairs,chalk,challenge,chamber,chambers,champollion,chance,chanced,chancellor,chances,change,changed,changes,channel,chaos,chap,chaplain,chaps,character,characteristic,charge,charged,charger,charles,charley,charm,charred,chat,chatted,chattel,chattels,chatterers,chatting,chauffeur,cheap,cheat,cheek,cheeks,cheer,cheerful,cheerily,cheery,cheese,chefru,chemical,chemist,chemistry,chequered,cheroot,cherry,cheshire,chest,chichester,chickens,chief,chiel,child,childish,childless,children,chill,chilled,chillingworth,chimney,chimneypiece,chin,chine,chink,chirruped,chit,chivalrous,chocolate,choice,choke,choking,choleric,choose,chorus,chose,chosen,christ,christian,chuck,chuckle,chuckling,chump,church,churchyard,churned,cigar,cigarette,circle,circlet,circular,circulated,circulation,circumstances,cited,city,civil,civilisation,civilities,clad,claim,claimed,clairvoyance,clambered,clang,clanged,clanking,clapped,clapping,clashed,clasp,clasped,class,classes,classics,clatter,clattered,clawlike,claystall,clean,clear,cleared,clearer,clearly,clearness,clenched,clergyman,clerical,clerk,clever,clewed,client,clients,clifford,climb,climbed,cloak,clock,close,closed,closely,closing,cloth,clothes,cloud,cloudbursts,clouding,clouds,clove,club,clumsily,clumsy,clung,clutch,clutching,coal,coarse,coast,coat,coats,coaxed,coaxing,cockatoo,cockatrices,cocked,cocking,coffee,coffin,cognate,coil,coiled,coincidence,coins,cold,coldly,coldness,collar,colleague,colleagues,collect,collected,collection,collections,collector,college,colleges,colombo,colossal,colour,coloured,combat,combined,combustion,come,comedian,comely,comes,comet,comfort,comfortable,comicalities,coming,comings,command,commanded,commander,commenced,commencement,commencements,commences,commensurate,comment,comments,commercial,commission,committed,committee,commodities,common,commonplace,commune,communes,communicate,communing,communion,community,companion,companions,companionship,company,comparative,compare,compared,comparing,comparison,comparisons,compartment,compelled,compensate,compensations,competition,compiled,complain,complaint,complete,completely,complexion,complication,compose,composition,comprehend,compressed,compromise,compute,comrades,conan,conceal,concealed,concealing,conceived,concentrated,concentrating,concern,concerned,concerning,conciergerie,concise,conclude,concluded,conclusion,conclusions,concord,concourse,condemnation,condemned,condition,conditions,condone,conduct,conducted,conducting,conductor,confederates,confer,confess,confided,confidence,confidences,confident,confidentially,confined,confirming,confound,confuse,confused,confusion,conjecture,conjure,connected,connecting,connection,connor,conquered,conquers,conscience,conscientious,conscious,consciousness,consent,consented,consider,considerable,considerably,consideration,considerations,considered,consign,consisted,conspirators,constable,constant,constantly,consternation,constitution,consult,consultant,consultation,consulted,consulting,consumed,contact,contained,containing,contains,contemplated,contemplation,contempt,contemptible,contending,contented,contentment,contents,continent,continental,continual,continually,continuation,continue,continued,continuing,contracted,contradict,contrary,contrast,contrasted,contributing,control,conventicle,conversation,conversed,conversing,convey,conveyance,conveyed,conviction,convinced,convincing,convulsed,cooks,cool,copper,coptic,copts,copy,copybooks,copyright,coquette,cord,cordage,corded,cordial,cordon,core,corner,cornish,corpse,corpulent,correct,correspondence,corresponding,corridor,corroborate,corroborated,corroboration,corroborative,corrosive,cosmical,cosmos,cost,costumes,cosy,cottage,cottages,couch,could,couldn,council,counsel,count,countenance,counterfeits,countering,counterpart,counting,countries,country,countrymen,county,couple,couples,courage,course,court,courted,courteous,courtesy,courtly,cousins,cover,covered,covering,cowardly,cowed,cowering,cowhouse,crab,crack,cracked,crackled,crackling,cracks,cradle,craft,crafty,craggy,cramming,cramped,craned,craning,crank,crankiness,crannies,crash,crashed,crashing,cravats,creak,creaked,creaking,creases,create,creature,creatures,creditors,cremated,crematory,crept,crest,crew,cricketer,cried,cries,crime,criminal,criminals,crisis,crisp,criss,critic,critical,criticism,crocodile,crooked,crooning,crop,cropped,crops,cross,crossed,crouched,crouches,crouching,crowd,crowded,crowding,crown,crowned,crowning,crowns,crude,cruel,cruelty,crumbling,crushed,cry,crying,crystal,crystals,cunning,cup,curb,curiosity,curious,curled,curling,current,currents,curse,cursed,curt,curtain,curtains,curtel,curtly,curve,curved,curves,curving,custody,custom,cut,cutting,cylinder,cyprian,cysts,dabble,dagger,dainties,dame,damnable,dan,danced,dancing,danger,dangerous,dangers,dangled,dangling,daniel,dapper,dare,dared,daring,dark,darkened,darkest,darkness,darling,darted,darwin,dash,dashed,dashing,data,date,daughter,dawn,dawning,day,daylight,days,daytime,de,deacon,dead,deadly,deaf,deal,dealings,dealt,dean,dear,dearest,death,deaths,debris,debt,debts,decanter,decay,deceive,deceived,decent,decide,decided,decision,deck,decks,declared,decorated,decorations,decreed,deeds,deemed,deep,deepened,deeper,deeply,deer,defaulting,defence,defiance,defied,defined,definite,definitely,deflect,defoe,defy,degradation,degradations,degree,degrees,deities,delamere,delay,deliberate,deliberately,delicacies,delicacy,delicate,delicately,delight,delighted,delightful,delirious,delivered,delta,delusion,demand,demanded,demeanour,demon,demonstrated,demonstrating,demonstration,demotic,demurred,den,denied,dense,denser,denunciation,deny,departed,departure,departures,depend,depended,depends,depicted,depravity,deprecating,depressed,depressing,depression,depth,depths,deranged,des,descend,descendant,descended,descending,descent,described,description,desert,deserted,desertos,deserts,deserved,design,designed,desirable,desire,desired,desk,despair,despatched,despatcher,desperado,desperate,despondently,destined,destitute,destroy,destroyed,detail,details,detain,detect,detected,determination,determined,deuce,developed,development,developments,device,devices,devil,devilish,devils,devious,devise,devised,devising,devoid,devote,devoted,devotee,devotees,devotion,devoured,diagnosis,dickens,dictating,did,didn,die,died,dieppe,dieu_,differ,difference,different,difficult,difficulties,difficulty,digestion,digging,dignified,digression,dilated,dilettante,dim,dimly,dimmed,dimming,dined,dining,dinner,dinton,dip,dipped,direct,directed,direction,directly,director,disagreeable,disappearance,disappeared,disappointed,disappointment,disarm,discerned,discharge,discoloured,discompose,discomposing,disconnected,discontinued,discourage,discourse,discourtesy,discovered,discoveries,discovering,discovery,discuss,discussed,discussing,discussion,disease,disgrace,disgraceful,disgust,disgusting,dish,dishevelled,disintegration,disinterested,dislike,dismissing,dismounting,disobey,disordered,dispense,disposing,disposition,dispute,disregard,disrepute,disrespect,dissimilar,dissolved,distance,distant,distasteful,distiller,distinct,distinction,distinctly,distinguished,distorted,distracted,distractedly,distress,distrust,disturb,disturbance,disturbed,ditch,divine,divisibility,dix,do,dock,docks,doctor,doctors,doctrines,does,doesn,doffing,dog,dogged,dogma,dogmatise,dogs,doing,doleful,dollar,dollars,dolly,domestic,dominant,domineered,dominick,don,done,donkey,donned,donner,donnerwetter,door,doors,doorstep,doorway,doran,dormant,dose,dots,dotting,double,doubled,doubt,doubtfully,doubtless,doubts,doused,dove,down,downstairs,downwards,doyle,dozen,dozens,dozings,dr,dragged,dragging,dragons,drain,dramatic,drank,draped,draw,drawer,drawing,drawn,dreadful,dream,dreamily,dreamless,dreams,dreamy,dreary,drenched,dress,dressed,dresser,dressing,drew,dried,drift,drifted,drifting,drink,drinking,drinks,dripping,drive,driven,driver,drives,drooped,drop,dropped,dropping,drops,drove,drowned,drowning,drudgery,drug,drugged,drugs,drumming,drunk,drunken,dry,dryness,duc,dudgeon,due,duel,dull,duly,duncan,dungeon,duplicity,during,dusky,dust,dutch,dutchman,duties,duty,dwarfed,dwell,dwellers,dwelling,dwelt,dwindling,dying,dynamite,dynamos,dynasty,each,eager,eagerly,eagerness,eagle,ear,earlier,early,earnest,earnestly,earnestness,ears,earth,earthen,earthenware,earthly,earthquake,ease,easel,easier,easiest,easily,east,easterly,eastern,easy,eat,eating,eaves,eccentric,eddy,edge,edition,editor,edward,eerie,effect,effected,effected_,effective,effects,efficiency,effort,efforts,effusions,egad,ego,egypt,egyptian,egyptians,egyptien,egyptological,egyptologist,egyptology,eh,eight,eighteen,eighty,either,ejaculated,el,elaborate,elapsed,elbow,elder,elderly,eldest,elected,electric,electrical,electrician,electricity,electro,electrocuted,electrocution,electrocutions,elegant,element,elementary,elements,elevating,eleven,eleventh,eligible,eliot,elise,elixir,elm,elms,elongated,elp,else,elsewhere,eluded,elusive,emaciated,embalmed,embalmer,embarrassing,embers,emblem,emblems,emboldened,embrace,emerged,emily,eminence,eminent,emotion,emotions,emperor,emphatic,empire,employed,employer,employment,empty,en,enable,enabled,enacted,encased,encounter,encourage,encouraged,end,endeavour,endeavoured,endeavouring,ended,endless,endorsed,endow,endure,endured,enemies,enemy,energies,energy,engaged,engagement,engine,engineers,england,english,englishman,engrossed,engrossing,enhanced,enigmatical,enjoyed,enjoyment,enmity,enormous,enough,enraged,ensign,ensued,ensure,entail,entailed,enter,entered,enteric,entering,enterprise,enters,entertaining,entertainment,enthusiasm,enthusiast,entire,entirely,entities,entrance,entreat,entreaties,entrenchments,entry,enveloped,environment,envy,epidemic,epileptic,episode,episodes,epoch,equable,equal,equalled,equally,er,ere,erect,errand,errare,error,eruption,escape,escaped,escapes,escaping,especially,essence,essences,essentially,est,established,establishing,establishment,estate,estates,estimated,eternal,eternally,eternities,eternity,etes,ether,ethereal,ethiopian,euchre,euchred,euphrates,europe,eva,eveline,even,evening,evenings,event,events,eventuality,eventually,ever,everlasting,every,everybody,everything,everywhere,evidence,evidences,evident,evidential,evidently,evil,exact,exactly,exaggerate,exalted,examination,examinations,examine,examined,example,examples,exasperated,excavator,exceeding,exceedingly,excel,excellent,except,exchange,excite,excited,excitedly,excitement,exciting,exclaimed,exclamation,excluded,excursions,excuse,execrated,execute,execution,executioner,exercise,exeter,exhaust,exhibiting,exhibition,exhorting,exist,existed,existence,expect,expectancy,expectant,expectantly,expectation,expectations,expected,expecting,expedient,expense,experience,experienced,experiences,experiment,experimented,experiments,expert,experts,expiration,explain,explained,explaining,explains,explanation,exploring,exporters,expose,exposed,exposure,expound,expression,expulsion,extend,extended,extensive,extent,exterior,extinguished,extracted,extraordinarily,extraordinary,extreme,extremely,extremities,extricating,exuberant,exultation,eye,eyebrows,eyed,eyelids,eyes,face,faced,faces,facility,facing,fact,facts,faculty,faded,fagot,fagots,fail,failed,failure,fain,faineant,faint,fainted,fainter,faintin,fainting,faintly,faints,fair,fairies,fairly,fairweather,faith,faithful,faithfully,falcon,fall,fallen,falling,falls,falmouth,false,falsehoods,fame,famed,familiar,familiarity,families,family,famished,famous,fanatical,fancier,fancy,fantastic,far,fare,fared,farlingford,farm,farmhouse,farther,farthest,fascinated,fashion,fashionable,fashioned,fashions,fast,fastened,fastnesses,fat,fate,father,fathers,fatigue,fatter,fauld,fault,faults,favour,favoured,favourite,fear,feared,fearful,fearing,fears,feather,featured,features,fee,feeble,feeder,feel,feeling,feelings,feels,feet,fell,fellow,fellows,fellowship,felt,female,fend,fender,fernando,ferocious,fertile,festivity,fetch,fetters,fevered,feverish,few,fewer,fiasco,fibre,fibred,fickle,fiction,fiddle,fiddlesticks,fidgeted,field,fielding,fields,fierce,fiercely,fiercer,fiery,fifteen,fifth,fifty,fight,figure,figured,figures,file,filial,filigree,filing,fill,filled,filling,film,filmy,filth,filthy,final,finally,find,finding,finds,fine,finer,finger,fingers,finish,finished,finite,fire,fired,firelock,fireplace,fires,firing,firkin,firm,firmly,first,fish,fist,fists,fit,fitfully,fitted,fitting,five,fixed,fixing,fixture,flabby,flag,flagons,flamboyant,flame,flames,flanked,flannels,flapped,flare,flash,flashed,flask,flasks,flat,flattened,flatter,flaw,fled,fleecy,fleet,flesh,flew,flicker,flickered,flickering,flies,flight,flinched,flippant,flippantly,floated,floating,flock,floor,florid,flotsam,flour,flowed,flower,flung,flush,flushed,fly,flying,foam,foaming,fog,fold,folded,folding,folds,foliage,folio,folk,folks,follow,followed,following,fond,food,fool,foolery,foolish,foolishness,fools,foolscap,foot,footbrake,footfall,footing,footman,footstep,footsteps,for,force,forced,forces,forcibly,fore,forearm,forearms,foreboding,forebodings,forefinger,forehead,foreleg,foremost,forfeit,forger,forget,forgive,forgot,forgotten,forlorn,form,formal,formed,former,formidable,forming,formless,fort,forth,fortifications,fortify,fortunate,fortunately,forty,forward,fossils,fought,foul,fouled,foulest,found,foundation,founded,founder,four,fourfold,fourteen,fourth,fowl,frae,fraeulein,fragments,frail,frame,framed,framework,francais,france,francis,francisco,frank,frantic,frau,fraud,fraudulent,fray,free,freedom,french,frenchman,frenchmen,frenzied,frenzy,frequent,frequented,frequently,fresh,fresher,freshman,freshmen,fret,friday,friend,friendly,friends,frieze,fright,frighten,frightened,frightful,fringe,fringed,fringes,fritz,frivolous,frizzled,frock,from,front,frontier,frosty,frown,frowned,fuel,fulfil,fulfilled,full,fuller,fuming,fun,funchal,fungus,furious,furiously,furnace,furnish,furniture,furrowed,furrows,further,furtive,furtively,fury,fuss,fust,futile,future,gadzooks,gain,gained,galaxy,gale,gallant,gallantry,galloped,gallows,galvanic,gambleside,gambrel,game,games,gaol,gap,gaping,garden,gardens,garish,garrotted,garrotter,garrulous,gasp,gasped,gasping,gasps,gate,gates,gather,gathered,gathering,gaudy,gaunt,gave,gaze,gazed,gazing,gear,gears,gedanket,geese,gem,general,generating,generation,generations,genial,geniality,genius,gentle,gentleman,gentlemanly,gentlemen,gently,genuine,george,german,germans,germany,germs,gesture,get,gets,getting,ghastly,ghost,giant,giddy,gigantic,ginger,girder,girders,girds,girl,girt,give,given,gives,giving,glad,glaive,glance,glanced,glances,glancing,glare,glared,glaring,glasgow,glass,glasses,glazed,glazing,gleam,gleamed,gleaming,glimmering,glimpse,glistening,glitter,globe,gloom,gloomily,gloomy,glorious,glory,glossy,gloves,glow,glowed,glowing,gnarled,go,goal,god,gods,goes,goin,going,goings,gold,golden,goldmine,gone,gong,good,goodly,goodness,goods,goodwill,gorge,gospel,gossip,gossiping,gossips,got,gothic,gott,governor,gower,gown,gowned,grabbed,grace,graceful,grade,gradually,grammatical,grand,granted,grasp,grassy,grate,grater,gratitude,grave,gravel,gravelled,gravely,graver,graves,gravesend,gravity,grazing,greased,great,greatcoat,greater,greatest,green,greenish,greet,grew,grey,grief,grievances,grievous,griffins,grim,grimed,grin,grind,grinned,grinning,grip,gripped,grisly,grizzly,groan,groaned,groaning,groans,groom,groove,grooves,groped,gross,grotesque,ground,grounds,group,grouped,groups,grove,grovelling,grow,growing,growl,grown,gruben,grudge,grudged,gruener,gruesome,grumbled,grumbling,guard,guardians,guarding,guess,guessed,guest,guests,guiding,guiltless,guilty,guinea,gulliver,gun,gunmaker,gurgling,gust,ha,habit,habits,habitually,hacked,had,hadn,hadst,haft,haggard,hailed,hair,haired,hairy,half,hall,halliards,hallo,haltering,hammer,hammering,hamper,hampstead,hand,handed,handful,handkerchief,handle,handled,handling,hands,handsome,handsomely,handy,hang,hanged,hangers,hanging,hangman,hangs,hansoms,haphazard,hapless,happen,happened,happens,happy,harbal,harbour,harbouring,hard,hardacre,hardened,hardening,harder,hardly,hark,harm,harmful,harming,harmless,harmony,harold,harp,harrington,harsh,harshly,hartmann,harum,harvey,has,hasn,hassan,hast,haste,hasten,hastened,hastie,hasty,hat,hatched,hatchet,hate,hated,hateful,hates,hath,hatred,hatted,hauberk,haughty,haunt,haunted,hauptmann,have,haven,having,hawks,hawser,haze,he,head,headed,heading,headlights,headquarters,heads,headstrong,health,healthy,heap,heaped,heaps,hear,heard,hearing,heart,hearted,hearth,heartily,heartless,hearts,hearty,heat,heave,heaven,heavens,heavier,heavily,heaving,heavy,hebrew,hedge,hedges,heed,heel,heelless,heels,heh,height,heightened,heir,held,heliopolis,hell,hellish,help,helped,helpless,helplessly,hem,hemp,hence,henker,her,herald,heraldic,here,hereford,hermetic,hermit,hero,herodotus,heroic,heroine,heroines,herr,hers,herself,hesitate,hesitated,hesitation,hewett,hey,hiccoughed,hickory,hid,hidden,hideous,hiding,hieroglyphic,high,higher,highest,highly,highways,hill,hillman,hillmen,hills,hilt,him,himmel,himself,hines,hint,hinted,hinterstein,hints,hippodrome,hips,his,hissed,hissing,hist,history,hit,hitch,hitherto,ho,hoarse,hoarsely,hoary,hoax,hobby,hoch,hodsmen,hold,holden,holding,holds,hole,holes,holiday,hollow,hollowed,hollowness,holy,home,homeward,homewards,homicidal,honest,honeymoon,honour,honoured,honours,hoofs,hook,hooked,hope,hoped,hopeless,hopes,hops,horn,hornet,horrible,horribly,horrid,horrified,horror,horse,horseman,horsemen,horses,horus,hospital,hospitality,host,hostel,hostess,hot,hotel,hour,hours,house,housekeeper,houses,hovered,how,however,howled,huddled,hudson,hued,huge,hugs,hullo,hum,human,humanity,humble,humiliation,humiliations,humming,humoured,hump,hundred,hundreds,hung,hunted,hunters,hunting,hurl,hurled,hurling,hurried,hurry,hurrying,hurt,hurtled,husband,husbands,hush,hushed,husky,hydraulic,hyksos,hypnotic,hypocrite,hypothesis,hysterical,hysterically,hysterics,ice,idea,ideal,ideas,identify,idle,if,ignorance,ignorant,ignored,ii,iii,ilium,ill,illness,illuminated,illuminating,illustration,illustrious,im,imaginable,imaginary,imagination,imaginative,imagine,imagined,imitating,imitation,immediate,immediately,immensities,imminent,immortal,immortality,impartial,impassive,impatience,impatiently,impecunious,impeded,impenetrable,impersonal,impertinence,imperturbable,impetus,implore,import,importance,important,impossibility,impossible,impost,impotent,impressed,impression,impressions,impressive,improbable,improvement,imps,impulse,in,inanimate,inanity,inarticulate,inaudible,inc,incandescent,incensed,inception,inch,inches,incident,incidents,incisive,inclined,inclining,incomprehensible,inconceivable,incongruous,inconsequential,inconstancy,inconvenience,increase,increased,incredible,incredulity,incredulous,indebted,indecorous,indeed,independence,independent,indescribably,india,indian,indians,indicating,indications,indictment,indies,indifferent,indignantly,indignation,indignity,indiscreet,individual,induced,indulged,indulgence,indulgent,indulging,industry,ineffable,inert,inexorable,inexplicable,inexpressible,inexpressibly,inferences,infernal,infinite,infinitude,inflated,inflating,influence,influenza,inform,information,informed,ingenuity,ingratiating,ingredient,inhabit,inhabited,inheritance,inherited,inhuman,injected,injunctions,injure,injured,injury,injustice,ink,inn,inner,innocent,innovation,innuendoes,innumerable,inoffensive,inquire,inquirer,inquiries,inquiry,insanity,inscription,inscriptions,insensible,inside,insignificance,insincerities,insinuations,insist,insistent,insisting,insolence,insolent,insomnia,inspector,inspired,instance,instant,instantaneous,instantly,instead,instinct,instincts,instructions,instrument,instruments,insular,insulated,insulator,insulators,insult,insulted,insulting,insupportable,insurmountable,insurrection,intake,intaking,intellect,intelligence,intend,intended,intending,intense,intensely,intensity,intent,intention,intently,intercepted,intercourse,interest,interested,interesting,interests,interfere,interference,interjections,interlaced,intermittently,internal,interposition,interrupt,interrupted,interruption,interview,intimacy,intimate,intimated,intimates,intimation,into,intoxicated,intoxication,intricate,introduced,introduction,introductions,intrude,intruded,intruder,intruding,intrusion,intuition,invaded,invariable,invariably,investigate,investigates,invisible,invitation,involved,inwards,irish,iron,ironical,irons,irreclaimable,irregular,irrepressible,irritable,irritation,is,isaiah,isis,island,islets,issued,issuing,it,italiens,itching,its,itself,iv,ivy,ix,jack,jacket,jaded,james,jammed,jangle,jangled,janitor,jar,jarred,jars,jaunty,jawed,jaws,je,jedediah,jefferson,jena,jephro,jerkily,jerking,jerky,jest,jetsam,jewel,jews,jib,jim,jno,job,jobs,john,johnnies,johnny,johnstone,johnstones,joie_,join,joined,joins,joint,joints,joke,joseph,joshua,jot,journals,journey,journeys,jove,joviality,jowl,joy,joyful,judge,judgment,judicious,jug,juice,jumble,jump,jumped,jumping,jumps,june,juno,jury,just,justice,justified,kab,kaffiristan,keel,keen,keenly,keep,keeper,keeping,keeps,keinplatz,kellner,ken,kept,kettle,key,keystone,kick,kicked,kicking,killed,kin,kind,kindly,kindness,king,kingdom,kiss,kissed,kitchen,kith,knavery,knee,knees,knelt,knew,knife,knight,knightly,knitted,knives,knob,knobby,knock,knocked,knocking,knot,knots,knotted,know,knowest,knowing,knowledge,known,knows,knuckles,korti,la,labelled,laboratory,labour,laboured,labours,lace,laced,lad,laddie,ladies,lads,lady,ladyship,laffitte,lager,laid,lain,lake,lam,lamb,lame,lamenting,lamp,lamplight,lamps,land,landed,landing,landings,landlord,lands,landscape,lane,lanes,language,languages,languidly,lank,lantern,lanterns,lap,lapis,lapped,lapse,large,largely,larger,largest,lascar,lashed,lass,last,lastly,lat,latch,late,lately,lateness,latent,later,latest,latin,latter,latticed,lattices,laugh,laughed,laughing,laughter,laundry,law,lawless,lawn,lawrence,laws,lawson,lawsons,lawyer,lay,layer,laying,laziness,lazuli,le,lea,lead,leaden,leader,leading,leads,leaf,leagues,lean,leaned,leaning,leap,leaped,leaping,leapt,learn,learned,learning,least,leather,leathern,leave,leaves,leaving,leben,lecture,lectured,lecturer,lectures,led,ledger,lee,left,leg,legacy,legs,leisure,leisurely,lending,length,lent,leprous,lepsius,less,lessened,lesser,lest,let,lethargic,lethargy,letter,letters,letting,level,levelled,lever,leveret,levity,lexicons,leyden,liberate,library,lichen,lick,lie,lied,lieges,lies,life,lifeless,lifer,lifetime,lift,lifted,lifting,lifts,ligaments,light,lighted,lighter,lightly,lightning,lights,like,liked,likely,limb,limber,limbs,lime,limit,limited,limp,line,lined,linen,lines,lingered,links,lion,lip,lips,liquid,liquor,list,listen,listened,listening,lists,lit,literary,literature,litter,littered,little,live,lived,liver,lives,liveth,living,ll,lo,load,loaf,loathed,lock,locked,locker,locking,locks,locusts,lodge,lodgers,lodging,logical,lolling,london,loneliness,lonely,long,longed,longer,longest,longs,look,looked,lookin,looking,looks,loom,loomed,loose,loosely,loosened,loquacious,lord,lordly,lords,lordship,los,lose,losing,loss,lost,lot,loth,loud,louder,loudly,louis,lounged,lounging,louvre,love,loved,loveliness,lover,loving,low,lower,lowered,lowest,luck,ludicrous,lull,lullaby,luminosity,luminous,lumpy,lumsden,lunatic,luncheon,lung,lungs,lurcher,lure,lurid,lurked,lustrous,luxor,lying,lyons_,lytton,ma,macaulay,machine,machinery,maclean,mad,madame,made,madeira,madhouse,madly,madman,magazine,magazines,magic,magistrate,magnetic,magnetico,magnificent,mahogany,maiden,maidenly,main,mainspring,mainyard,majestic,majestically,majesty,majority,mak,make,maker,makes,making,malaria,malice,malicious,malignant,malignantly,man,managed,management,manhood,maniac,manifested,manliness,manly,mann,manner,mannering,manners,manoeuvre,manor,mantelpiece,manual,manuscripts,many,maori,maps,mar,marble,march,marched,mariette,mariners,mark,marked,market,marketings,markham,marks,marm,marriage,married,marry,marryat,marrying,marsh,marshal,martha,marvelled,marvelling,marvellous,mary,mascot,masculine,massive,mast,master,mastered,masterful,mastering,masters,masterships,mastiff,match,matchboarding,matches,material,materialise,materials,maternal,mathematical,mathematics,matron,matter,matters,may,maybe,mccarthy,mcclure,me,meadows,meagre,meal,meals,mean,meaning,means,meant,meantime,meanwhile,measured,measurement,mechanic,medal,medals,mediaeval,medical,medicalschrift_,medicine,medium,mediumistic,meester,meet,meeting,meets,mein,melancholy,melted,member,members,membrana,memory,memphis,men,menaced,menacing,mental,mention,mentioned,mercantile,merchants,mercurial,mercy,mere,merely,merest,merges,merrily,merriment,merry,merton,meshwork,mesmeric,mesmerise,mesmerised,mesmerising,mesmerism,mess,message,met,metacarpal,metal,metallic,metals,methinks,method,methods,methought,methylated,mettle,michaelmas,mid,midday,middle,midnight,midst,might,mighty,milan,mild,mile,miles,million,mimicked,mincing,mind,minded,minds,mine,mines,mingled,minister,ministering,minstrel,minute,minutes,miracle,miscarriage,mischief,mischievous,misdeeds,miser,miserable,misery,misfortune,misled,miss,missing,mission,mist,mistake,mistaken,mistaking,mistress,misty,mixed,mixing,mixture,moan,moaning,mocking,model,models,moderate,modern,moderns,moir,moist,moisture,moment,momentary,moments,monarchs,monday,money,monkhouse,monologue,monsieur,monsters,monstrous,month,months,monument,monuments,mony,mood,moodily,moon,moonlight,moonlit,moonshine,moor,moored,moorhen,moping,mopping,moral,morbid,more,morion,mornin,morning,morose,morrow,mortal,mortals,mortem_,morton,mosaic,most,mother,mothers,motion,motioned,motionless,motives,motley,motor,mottled,mouldering,mound,mount,mountain,mounted,mourn,mourning,mouse,mouth,mouths,move,moved,movement,movements,mover,moving,mr,mrs,much,mud,muddy,mude,mueller,muffled,mug,mullins,mullioned,multitude,mummies,mummy,munificent,murder,murdered,murderer,murderous,murders,murmur,murmured,muscular,mused,museum,museums,music,musical,musket,muskets,must,mustered,mustn,mutilated,mutiny,muttered,mutual,mutually,my,myrrh,myself,mysterious,mystery,mystic,mythical,na,nagging,nail,nailin,nails,name,named,names,narrate,narrated,narrating,narrative,narrow,narrowness,nasty,national,nations,native,natron,natural,naturally,naturalness,nature,nautical,navy,nay,ne,near,nearer,nearest,nearing,nearly,nebular,nebulous,necessary,necessity,neck,necked,ned,need,needed,needles,needn,negative,neglected,neighbour,neighbourhood,neighbouring,neighbours,neither,nephew,nerve,nerved,nerves,nervous,nervously,neurologists,neurotic,neutrality,never,new,news,next,nibbling,nice,nicely,niche,nicotine,nictitans,nigh,night,nightcap,nightfall,nightmare,nights,nile,nine,nineteenth,nipper,no,noble,nobleman,nobody,nod,nodded,nodding,noddle,noise,noiselessly,noisy,non,none,nonsense,nonsensical,noose,nor,normal,north,northam,northern,norton,nose,not,notches,note,noted,notes,noteworthy,nothin,nothing,notice,noticed,notion,notre,novel,novelists,novels,now,nowhere,nuisance,number,numerous,nurse,nursed,nut,nutmeg,oak,oaken,oaks,oar,oars,oarsman,oath,oaths,obelisk,obese,obey,object,objections,objects,obliged,obliquely,observations,observe,observed,observer,observers,observing,obsessing,obstacle,obstacles,obtain,obtained,obtruded,obtrusive,obtuseness,obvious,obviously,occasion,occasional,occasionally,occasions,occult,occultism,occupant,occupants,occupation,occupied,occupy,occupying,occur,occurred,occurrence,occurs,ocean,oceans,october,odd,odious,odour,odours,ods,of,off,offended,offensive,offer,offered,office,officer,officers,offices,official,officials,often,oh,oil,oils,old,oldest,oleographs,olive,ominous,on,once,one,onerous,ones,only,onward,onwards,oot,oozed,open,opened,opening,openly,opera,operation,operations,operator,opinion,opponent,opportunity,oppose,opposite,opposition,opus_,or,orator,ordeal,order,ordered,orders,ordinary,organ,organs,oriental,origin,original,originally,ornaments,osiris,ostentatious,other,others,otherwise,ou,ought,ouida,our,ours,ourselves,out,outcome,outcry,outer,outhouse,outing,outlandish,outline,outlined,outlive,outrage,outrageous,outrages,outside,outsider,outstretched,outwardly,ova,oven,over,overbearing,overbeck,overcame,overcome,overdone,overhauled,overheard,overlay,overlook,overlooked,overlooks,overmatched,overpower,overpowering,overstepped,overtaken,overtook,overtop,overwhelmed,overwhelming,owe,owed,ower,owl,own,owned,owner,ox,oxford,oxfordshire,pace,paced,paces,pacific,pacifying,pacing,pack,packed,paddles,page,pages,paid,pain,pained,painful,pains,paint,painted,painter,painting,paintings,pair,palais,palatinate,pale,pallid,pallor,palm,palmate,palms,palpitating,pamphlets,panic,panorama,panting,paper,papers,papyri,papyrus,parasites,parcel,parchment,paris,parish,parisian,park,parliamentary,parlour,parmes,paroxysm,part,parted,partially,particle,particular,particularly,partition,partitions,partly,partner,parts,party,pas,pass,passage,passed,passenger,passengers,passes,passing,passion,passionately,past,pat,patch,path,pathological,pathology,pathos,paths,pathway,patience,patient,patiently,patter,pattered,pattern,paul,pause,paused,pausing,pauvre,pay,payn,peace,peaceful,peak,peal,pearson,peasants,pecking,peculiar,peculiarities,peculiarity,peculiarly,pedantic,peeled,peeped,peeping,peering,peevishly,pen,penal,pencil,penetrating,pens,pensively,people,peppery,perceive,perceived,perception,perch,perchance,percival,peremptory,perfect,perfectly,performance,performed,perhaps,perils,period,perish,perished,perkins,permission,permit,perpetual,perpetually,persecution,perseverance,persian,persist,persistence,person,personage,personal,personality,persons,persuade,persuasion,perturbation,perturbed,peruke,pervaded,peshawur,peter,peterson,petite,petitions,petrified,petrol,petty,petulantly,phelps,phenomena,phenomenon,philosophic,philosophical,philosophy,phlegm,phosphorescent,phrases,phrenic,physical,physician,physiological,physiologist,physiologists,physiology,physique,piccadilly,pick,picked,pickle,pickled,picture,pictures,picturesqueness,piece,pieces,pierced,piercing,pigment,pigs,pile,piled,piling,pill,pillar,pillars,pillow,pinch,pinnacles,pint,pipe,pistol,pitch,pitchy,pitied,pity,place,placed,places,placid,placing,plague,plaguey,plain,plainer,plainly,plains,plane,plans,plant,plantagenet,planters,planting,plate,plates,platform,platinum,play,played,playing,plays,plea,pleading,pleasant,pleasantries,please,pleased,pleases,pleasing,pleasurable,pleasure,pledge,plentiful,pliers,plight,plodded,plop,plot,pluck,plucked,plug,plume,plump,plumping,plumptree,plunder,plunged,plunging,plunket,po,pocket,podgy,poems,poetry,point,pointed,pointing,points,poised,poison,poisoned,poisoner,poisoning,poisonous,poisons,police,polished,polishing,polite,politeness,poll,polly,pompously,pool,poop,poor,poorest,popped,popular,popularity,porch,porched,pores,port,portal,portion,portly,portsmouth,position,positions,positive,possessed,possessions,possibilities,possibility,possible,possibly,post,postal,posted,postman,posture,pot,potations,potency,potztausend,pound,pounds,pour,poured,pouring,power,powerful,powerless,powers,pox,practical,practice,practised,practitioner,practitioners,praises,prank,prattled,pray,prayer,pre,preamble,precarious,precaution,precedent,precious,precisely,precision,precocious,preconceived,predict,predominating,prefer,preferred,prehistoric,prejudice,prejudiced,prejudices,premising,preparation,preparations,prepare,prepared,presence,present,presented,presentiment,presentiments,presently,preserve,preserved,preserving,preside,president,press,pressed,presses,pressing,pressmen,presume,pretence,pretend,pretensions,preternatural,pretext,prettiest,pretty,prevailed,prevent,prevented,preventing,previous,previously,price,pricked,pricking,prickly,pride,prided,priest,priests,prim,prime,princely,principal,principle,principles,pringled,print,printed,prison,prisoner,prisoners,private,privilege,prized,probable,probably,probed,problem,proceed,proceeded,proceedings,process,procession,produce,produced,producing,productions,products,professed,profession,professional,professor,professorin,professorship,profit,profited,profound,profundis,programme,progress,projecting,prominent,promise,promised,promoted,promotion,prompted,pronounced,proper,property,prophesied,prophet,proportion,propose,proposed,propped,proprietor,prosaic,prose,prospect,prostrate,protect,protected,protection,protest,protruded,protruding,proud,proved,proverb,provided,providence,providential,provision,provocation,prowl,prudence,prunes,prythee,psychic,psychical,psychological,psychology,public,publication,publicity,published,publisher,publishing,puddle,puerile,puffed,puffing,puffs,pull,pulled,pulling,pulsating,pulse,pulses,pun,punctual,pungent,punish,punishment,puny,pupil,pupils,purchase,pure,purple,purpose,pursue,pursuer,push,pushed,pushing,pushtoo,put,puts,putting,putty,puzzled,pyramids,quadrangle,quaint,qualified,quality,qualm,quarantine,quarrel,quarrels,quarter,quartermaster,quartermasters,quarters,queen,queer,queerly,query,quest,question,questioned,questioner,questioning,questions,quibbles,quick,quickening,quicker,quickly,quiet,quietly,quill,quills,quires,quite,quivered,quivering,quoth,rabbit,race,rack,radiance,radiant,radical,rage,rail,railing,rain,rained,raining,rains,rainy,raise,raised,raising,rambling,ramping,ran,random,rang,range,rank,rapid,rapidity,rapidly,rapping,raps,rapture,rare,rarebit,rarely,rarer,rarest,rarity,rascal,rash,rasping,rat,rate,rather,rational,rationally,rattle,rattled,raven,raving,raw,rays,re,reach,reached,reaching,reaction,read,readily,reading,ready,real,realise,realised,realising,reality,really,reappearance,reappeared,rear,reared,rearing,reason,reasonable,reasoning,reasons,reassures,reassuring,rebels,rebuked,recall,recalled,receive,received,receiving,recent,recently,reception,recipients,reckless,reckon,reckoned,reckoning,recognise,recognised,recognition,recollect,recommendation,recommending,reconcile,reconciled,record,recorded,recount,recovered,recovering,recriminations,recruit,recurring,red,redesdale,redoubled,redress,reduced,reeked,reeled,reeling,refer,referred,refined,reflected,reflection,reflects,refreshed,refuge,refusal,refuse,refused,refuses,regain,regained,regaining,regarded,regius,regret,regular,rehearsal,reign,reigned,reining,rejoin,rejoined,relapsed,relate,relations,relationship,relatives,relaxed,relaxes,released,releasing,reliable,relic,relics,relied,relief,relieve,religion,relinquish,rely,remain,remainder,remained,remains,remark,remarkable,remarkably,remarked,remarking,remarks,remember,remembered,remembrance,remind,remnants,remonstrated,remorseless,remote,remove,removed,removing,render,rendering,rendezvous,rending,renewed,rented,reopening,repay,repeated,repeatedly,repeating,repellent,repent,repetition,replied,reply,report,repose,represented,represents,reproach,reproachful,reproachfully,reproof,reptilian,repugnant,repulsed,repulsion,reputation,request,requests,required,rescue,research,researches,resemblance,resent,resented,resentment,reserve,reserved,residence,residential,resigned,resin,resist,resistance,resolute,resolutely,resoluteness,resolution,resolved,resounded,resources,respect,respectfully,respecting,respective,response,responsibility,responsible,rest,restful,resting,restless,rests,result,results,resume,resumed,retain,retained,retired,retorts,retreat,return,returned,returning,reunited,revealed,revenge,revered,reverence,reverend,reverent,reverse,reversed,reviews,revolted,revolve,revolved,revolver,reward,rewarded,rhenish,rheumatism,rhinelander,rhinelands,rhythm,rhythmically,ribs,rich,richardson,riches,rickety,rid,riddle,riddles,ridiculous,riding,rifled,rifling,rigged,rigging,right,righted,rightful,rightly,rights,rigid,rigidly,ring,ringing,ringleader,rings,riot,rise,risen,riser,rises,rising,risk,risks,riven,river,rivet,rivoli,road,roads,roar,roared,roaring,rob,robber,robbers,robe,robert,robin,robs,robur,robust,rochester,rock,rocks,rod,rodenhurst,roll,rolled,rolling,rolls,roman,romance,roof,roofs,room,rooms,roost,root,roots,rope,rory,rose,rosin,rosy,rots,rotting,rough,roughest,roughly,round,rounded,roundly,rounds,rouse,roused,routine,rover,row,royal,roysterers,roystering,rub,rubbed,rubbing,rubbish,rubicund,rucked,rude,rue,ruffians,ruffled,ruffling,rug,rugs,ruin,ruined,ruining,ruins,rule,ruled,rum,rumbo,rummaged,rumour,run,runner,runners,running,runs,rush,rushed,rushing,rustic,rusticated,rustle,rustling,s_,sack,sacraments,sacred,sacrifice,sacrificed,sad,sadness,safe,safely,safer,safety,sagged,sahib,said,sail,sailing,sailor,sake,salaam,salary,sale,salisbury,sallied,salmon,saloon,salt,salted,saltire,same,sample,samples,san,sanction,sand,sanderson,sands,sane,sang,sanguine,sanity,sank,sarcasm,sarcomatous,sarcophagus,sash,sat,satiating,satisfaction,satisfied,satisfies,satisfy,saturday,saturnine,saurian,sausage,savage,savages,savant,savants,save,saved,saving,savings,saw,saxon,say,sayest,saying,says,scabs,scaffold,scald,scale,scalp,scapegrace,scar,scarce,scarcely,scare,scared,scarlet,scarum,scathe,scattered,scene,scenery,scented,sceptic,schinken,schnapps,scholar,scholarly,scholars,scholastic,school,schoolboy,science,sciences,scientific,scooped,scooping,score,scorn,scotch,scotchman,scotchmen,scott,scoundrels,scout,scouts,scowl,scraggy,scrambled,scrappy,scratched,scratches,scream,screamed,screaming,screen,screw,screwdriver,screwed,scribbled,scribner,scroll,scruple,scruples,scullery,sculling,sculls,sculptor,scum,scuppers,scurrility,sea,seaboard,seafaring,seal,sealed,seals,seaman,seamen,seams,seance,seances,search,searched,seas,seaside,season,seasonable,seat,seated,seclusion,second,secondhand,seconds,secrecy,secret,secreted,secretly,secrets,sect,secured,sedative,see,seeing,seek,seekers,seeking,seem,seemed,seeming,seems,seen,seer,sees,sei,seized,seizes,seldom,selection,self,selfish,selling,selwyn,senate,send,sending,senior,sensation,sensational,sensations,sense,senseless,senses,sensitive,sent,sentence,sentenced,sentimental,separate,separated,september,sequel,serenity,series,serious,seriously,serpent,servant,servants,serve,served,service,services,serving,servitude,set,sets,settee,setting,settle,settled,seven,seventeen,several,severely,severity,shade,shaded,shadow,shadowly,shadows,shadowy,shadwell,shaggy,shake,shakedown,shaken,shakes,shakespeare,shaking,shall,shambles,shame,shaming,shape,shapeless,share,shared,sharer,shares,shark,sharon_,sharp,sharpness,shattered,shave,shaven,she,sheath,sheep,sheet,sheets,shelf,shell,shelves,shepherd,shied,shield,shift,shifty,shilling,shillings,shimmering,shin,shines,shininess,shining,shinned,shiny,ship,shipped,ships,shirt,shiver,shivered,shivering,shock,shocking,shocks,shone,shook,shoot,shooter,shooting,shop,shore,short,shortened,shortly,shot,shots,should,shoulder,shouldered,shoulders,shout,shouted,shouts,shoved,show,showed,showing,showman,shown,shows,showy,shred,shredded,shriek,shrieked,shrieking,shrill,shrink,shrinking,shrivelled,shropshire,shrubbery,shrugged,shudder,shuffle,shuffled,shuffling,shur,shut,shutter,shutters,shutting,shyness,sibilant,sick,sickened,sickness,side,sides,sideways,sie,sifted,sigh,sighing,sight,sighted,sighting,sights,sightseers,sign,signal,signalised,signals,signature,signed,significantly,signing,signpost,signs,silas,silence,silent,silently,silly,silver,silvered,silvering,silvery,similar,simple,simplicity,simply,simpson,simultaneously,sin,since,sinewy,sinful,sing,singed,singin,singing,single,singular,singularly,sinister,sinking,sins,sip,sir,sirs,sister,sit,sitting,situated,situation,situations,six,sixpenny,sixteen,sixth,sixty,size,skill,skilled,skin,skinned,skinny,skins,skirting,skull,sky,skyline,slack,slam,slammed,slang,slanted,slapped,slash,slates,slave,slaves,sleep,sleepily,sleepiness,sleeping,sleeps,sleeve,sleeves,slender,slept,slid,sliding,slight,slightly,slim,slink,slip,slipped,slippers,slit,slogstaff,slope,slopes,sloping,slow,slowly,slug,slumbers,slung,smack,small,smaller,smallest,smallpox,smart,smash,smashed,smashing,smear,smell,smelling,smile,smiled,smiling,smith,smiths,smitten,smoke,smoked,smoking,smoky,smollett,smooth,smoothly,smote,smothered,snakes,snap,snapped,snapping,snaps,snarled,snarling,snatch,sneer,sniggering,snorting,snow,snuff,snuffy,snuggled,so,sob,sobbed,society,sockets,sofa,soft,softening,softens,softly,soldado,soldier,soldiers,sole,soled,solemn,solemnity,solemnly,solicitude,solitary,solitude,soll,solution,solve,sombre,some,somebody,somehow,something,sometimes,somewhat,somewhere,son,song,songs,sonny,sonorous,sons,soon,sooner,soothing,sordid,sorely,sorrier,sorrow,sorry,sort,sorts,sosra,soudan,sought,soul,soulless,souls,sound,sounded,soundly,sounds,sources,south,southern,southward,sovereigns,space,spanish,spanking,spanner,spans,spare,spark,sparkled,sparkling,spasmodic,speak,speaker,speakers,speaking,speaks,spears,special,specimens,spectacles,spectators,spectra,speculation,speculations,speech,speeches,speechless,speed,speedily,spell,spend,spending,spent,sphere,sphinx,spices,spider,spiegel,spiegle,spike,spilled,spills,spiral,spirally,spires,spirit,spirited,spirits,spiritual,spiritualism,spiritualistic,spirituality,spit,spite,splash,splashing,spleen,splendid,splendidly,splenic,splinter,splintered,splinters,split,splotch,spoil,spoiled,spoke,spoken,spooks,sport,sportsman,spot,spouse,sprained,sprang,sprawling,spray,spread,spreading,spring,springing,springs,sprinkled,sprint,sprit,sprung,spun,spurt,spy,squandering,square,squat,squatting,squeaked,squeezing,st,stab,stabbed,stables,stage,stages,staggered,staggering,stain,stained,stair,staircase,stairs,stale,stalked,stalking,stammered,stamping,stand,standard,standin,standing,standpoint,stands,stangate,stanley,star_,starboard,stare,stared,staring,stark,starn,starred,stars,start,started,starting,startled,startling,starts,starvation,starved,starving,state,stated,stately,statement,statements,states,station,statue,statues,statuesque,stay,stayed,steadfastly,steadied,steadily,steady,steal,stealing,steals,stealthily,stealthy,steam,steamer,steed,steel,steepest,steer,steering,step,stephens,stepped,stepping,steps,sterile,stern,sterne,sterner,sternly,stevenson,stew,stick,sticks,stiff,stifle,still,stimulated,stimulating,sting,stipulates,stir,stirred,stock,stoke,stole,stolid,stolidly,stomach,stone,stones,stood,stool,stooped,stop,stopped,stopping,store,stored,stories,stork,storm,story,stout,stoutly,stove,straggling,straight,straightened,straightway,strain,strained,straining,strait,straits,strand,strange,strangely,stranger,strangled,straw,stray,stream,streamed,streaming,street,streets,strength,strengthen,strengthened,stretch,stretched,stretching,strewn,stricken,stride,strike,striking,string,strings,stringy,stripped,strive,striving,strivings,strode,stroke,stroll,strolled,strong,stronger,strongest,strongly,struck,struggle,struggled,struggles,struggling,strung,strutted,stubbly,stuck,studding,student,students,studied,studies,studio,studious,studs,study,stuff,stulpnagel,stumbled,stumbling,stump,stupidly,stutter,style,styles,suave,suavity,subdued,subject,subjected,subjective,subjects,submit,submitted,submitting,subordinate,substance,substantially,subtle,succeeded,success,succession,such,sucking,sudden,suddenly,sue,suffer,sufferance,suffering,sufferings,suffice,sufficient,sufficiently,suggest,suggested,suggestion,suggestive,suis,suit,suitable,suitor,sujet_,sullen,summer,summit,summon,summoned,summons,sun,sunday,sundown,sunk,sunken,sunshine,supercargo,superior,supernatural,superstition,superstitious,supper,supplied,supply,support,supported,suppose,supposed,supposing,supreme,sure,surely,surface,surgeon,surgery,surly,surmise,surmised,surmounted,surprise,surprised,surprises,surprising,surrounded,surroundings,surveying,survive,survivor,survivors,suspect,suspended,suspense,suspicion,suspicions,suspiciously,sustained,susurrus,swab,swaggers,swamp,swarthy,swashbuckler,sway,swayed,swaying,swear,swears,sweat,sweaters,sweating,swedenborgian,sweep,sweeping,sweet,sweetening,sweetness,swell,swelling,swept,swift,swiftly,swim,swimmer,swimmy,swine,swing,swinging,swirl,swirled,swirling,swish,switch,swollen,swoon,swooned,swooping,sword,swords,swordsman,swore,sworn,swung,sympathetic,sympathies,sympathy,symposium,symptoms,syria,system,table,tables,tack,tackle,tacks,tail,tailor,take,taken,takes,taking,tale,talent,talents,tales,talk,talked,talkin,talking,tall,talons,tamed,tampered,tangled,tank,tantrum,taper,tapestry,tapped,tapping,taproom,targets,task,taste,tastes,tattooed,taught,taunt,taunted,tausend,tax,taxed,taxes,tea,teach,teacher,teaching,tearing,tearless,teeth,telegram,telegraphed,telepathy,telescope,tell,telling,tells,temper,temperament,temperature,tempered,tempers,temple,temples,temporarily,temptation,tempted,ten,tended,tendency,tender,tenement,teneriffe,tennyson,tense,terminal,terminated,terminating,terms,terrible,terrified,terror,terrors,test,tested,testify,testily,testimony,teufel,texture,th,thackeray,thames,than,thank,thankful,thanks,that,the,thebes,thee,theft,their,them,themselves,then,thence,theolological,theolologicians,theolololog,theophilus,theories,theorise,theory,there,therefore,these,thews,they,thick,thickening,thickly,thigh,thin,thine,thing,things,think,thinker,thinking,thinks,thinner,third,thirst,thirty,this,thither,thomas,thoosand,those,thoth,thou,though,thought,thoughtful,thoughtfully,thoughts,thousand,thousands,thread,threads,threat,threatened,threatening,threats,three,threepence,threshold,threw,thrill,thrilled,thrive,throat,throbbing,throngs,through,throughout,throw,throwing,thrown,throws,thrust,thud,thunder,thunderbolts,thundered,thus,thwarting,thy,thyself,tiara,ticked,ticking,tide,tidied,tidings,tie,tied,tierce,tiger,tight,tightened,tightest,tightly,tilt,tilting,timber,time,timed,times,times_,timid,timidly,timorous,tin,tinder,tinge,tinged,tingling,tinkled,tip,tips,tired,tirewomen,tiring,tithe,title,tittering,to,toad,toast,tobacco,tobias,together,toilers,token,told,tolerance,tolerate,tolerated,tom,tomb,tombs,ton,tone,tones,tongue,tonic,too,took,tool,tools,top,topic,topmasts,topped,tops,tore,tormenting,tormentor,torn,tornado,tossed,tossing,totteringly,touch,touched,tourist,towards,tower,towered,towers,town,townlets,towns,towpath,trace,tracery,traces,tracing,track,trackless,tract,trade,trader,tradesmen,traditions,tragic,trail,trailing,train,trained,training,trains,traitor,tramp,tramping,trance,translate,travelled,traveller,travelling,travers,tray,tread,treason,treasuring,treat,treated,treatise,treatment,treats,treble,tree,trees,trellis,trembled,trembling,tremendous,tresses,trial,tribe,tribes,tribute,trice,trick,tricks,tried,trifle,trigger,trinket,tripping,triumph,triumphantly,trod,trodden,troopers,troth,trouble,troubled,troubles,trousers,truckle,true,truly,trust,trusted,truth,try,trying,trysting,tube,tucked,tudors,tuesday,tug,tugged,tugging,tumbled,tumbler,tumbles,tumuli,tuneful,turn,turned,turning,turns,turret,turtle,tuthmosis,tutors,twang,tween,twelve,twenty,twice,twig,twilight,twisted,twitched,twitching,twitter,two,twopence,type,typical,tyranny,ugly,uhlans,umballah,un,unabashed,unable,unaccountable,unanimous,unbearable,unburdened,uncertain,unchanged,unclasped,uncle,unclean,unclouded,unconscious,unconsciously,unconsciousness,uncontrollable,uncouth,uncovered,und,undefined,under,undergo,undergone,undergrad,undergraduate,undergraduates,understand,understood,undertaker,underwent,undeveloped,undistinguished,undo,undone,undoubted,undoubtedly,undressing,undulated,unearthed,uneasy,unequal,unexpected,unexplainable,unexplained,unfinished,unfit,unfolded,unforeseen,unfortunate,unfortunately,unfulfilled,ungainly,unguent,unhappily,unhappy,unharmed,unhealthy,unheard,unicorn,unicorns,uniform,unimaginative,uninterrupted,unique,unite,united,universal,universally,university,unknowable,unknown,unlawful,unless,unlikely,unlit,unlocked,unlocking,unlooked,unlucky,unmanned,unmixed,unnatural,unnecessary,unopened,unpainted,unparalleled,unpleasant,unpleasantness,unpopular,unprecedented,unprincipled,unpronounceable,unresponsive,unruly,unsavory,unseemly,unseen,unseen_,unshaven,unshuttered,unsightly,unsociability,unsolved,unspeakable,unstrung,unsupported,unswathed,until,untimely,unto,unused,unusual,unwelcome,unwinking,unwithered,unwonted,unworthy,unwrapped,up,upbraided,upflung,upon,upper,upright,uproar,upset,upstairs,upturned,upwards,urged,ursula,us,usage,use,used,useful,useless,uses,usher,usual,usually,usurp,utilised,utmost,utter,utterance,uttered,uttering,utterly,uttermost,vacancies,vacancy,vacant,vacantly,vague,vaguely,vain,valiant,valleys,valuable,value,vamosed,vanished,vanishes,vanity,vansittart,vapour,varied,various,varnished,varsity,vascular,vase,vases,vast,ve,veered,veil,veins,velocity,velvet,velvety,venerable,vengeance,venomous,ventured,venturing,veracity,verde,verge,verified,verity,versatility,verses,very,vessel,vessels,vi,vibrating,vibration,vice,vices,vicious,victim,victims,victoria,victories,victors,view,views,vigil,vigorous,vii,viii,vile,vileness,village,villages,villain,vindictive,violence,violent,violently,viper,virgin,visage,visible,vision,visit,visited,visiting,visitor,visitors,visits,vista,vital,vitality,vitiated,vitreous,vitriol,vivid,viz,vocation,voice,voices,volcanic,volcano,volley,volleys,volts,volume,volunteers,von,voted,vous,vowed,voyage,vulgar,wag,waged,wail,wailing,waistcoat,wait,waited,waiter,waiting,wake,waking,walk,walked,walking,walks,wall,wallow,walls,walnut,walter,wander,wanderer,wandering,waned,waning,want,wanted,wanting,wants,war,warden,warders,wards,warfare,warm,warmest,warmly,warmth,warn,warned,warner,warning,warnings,warp,warrant,wary,was,washed,washing,wasn,waste,wasted,wastepaper,watch,watched,watchers,watching,water,waterlike,waterlogged,waterloo,waters,waur,wave,waved,wavered,waves,waving,wax,waxed,way,wayfarers,ways,we,weak,weaken,weakening,weakness,weaned,weapon,weapons,wear,wearied,weariest,wearily,weariness,wearing,weary,weather,weaving,web,wedding,wedge,wedged,wednesday,week,weeks,weeping,weesh,wegg,weighest,weight,weighty,weird,welcome,welcomed,welcoming,weld,well,wells,welsh,wended,went,wept,were,west,western,westmacott,wet,what,whatever,whatsoever,wheat,wheel,wheels,when,whence,where,whereat,whereby,wherefore,whether,which,whiff,whiffs,while,whilst,whimsical,whine,whip,whirled,whirring,whisked,whisky,whisper,whispered,whispering,whistle,whistled,white,whiter,whither,who,whoever,whole,wholesale,wholly,whom,whoop,whose,why,wi,wicked,wicket,wide,widely,widespread,widow,widower,wielded,wife,wigs,wild,wilder,wilderness,wildly,wilds,will,william,williams,willing,willingly,willow,wills,wilson,wilt,wiltshire,wince,winch,wind,winding,window,windows,winds,windy,wine,wing,wings,winter,wiping,wire,wired,wires,wisdom,wiser,wisest,wish,wished,wishes,wishing,wisps,wistful,wit,witches,with,withdrew,withered,withes,withheld,withhold,within,without,witness,witnessed,witnesses,wits,wives,wizard,wochenliche,wochentliche,wolf,woman,womanly,women,won,wonder,wondered,wonderful,wondering,wondrous,wont,wonted,woo,wood,woodcock,wooded,wooden,wooers,wooing,word,words,wore,work,worked,worker,working,workings,workman,workmanship,workmen,works,world,worn,worry,worrying,worse,worship,worshipped,worst,worth,worthy,would,wouldn,wound,woundily,wrack,wraith,wrap,wrapped,wrath,wreathed,wreaths,wreck,wrench,wretched,wriggled,wringing,wrinkled,wrinkles,wrist,wrists,write,writhe,writhed,writhing,writing,written,wrong,wrongly,wrongs,wrote,wrought,wrung,wut,xi,xii,yahooland,yards,yarning,ye,year,years,yell,yelled,yellow,yeoman,yes,yesterday,yet,yielded,yonder,york,you,young,younger,youngsters,your,yours,yourself,youth,youths,zero,zoological,zoology,zounds
